Comments,Ticks,Sentiment,Score,Date,Url
"Its so wild to think that back last year I owned 500 MVIS with a basis of .77 (sold long ago too).
",['MVIS'],Positive,0.8,2021-04-23_11-28-45,https://old.reddit.com/r/wallstreetbets/comments/mv9zii/300k_mvis_yolo_from_a_gme_veteran
"Betting on upcoming strategic investments, partnerships or even a buyout. 
Nevertheless, based on comparables, I believe MVIS is undervalued.
",['MVIS'],Positive,0.8,2021-04-23_11-28-45,https://old.reddit.com/r/wallstreetbets/comments/mv9zii/300k_mvis_yolo_from_a_gme_veteran
"As of 4\20\21 extracted from Fintel.io:  short volume: 5,250,008     Market Volume: 16,805,700 Short Volume ratio represents ðŸ‘‰ðŸ‘‰ðŸ‘‰31%ðŸ‘ˆðŸ‘ˆðŸ‘ˆ. Just a matter of time MVIS will go parabolic.
",['MVIS'],Positive,0.8,2021-04-23_11-28-45,https://old.reddit.com/r/wallstreetbets/comments/mv9zii/300k_mvis_yolo_from_a_gme_veteran
"why point out that you are a Gamestop veteran? sounds suspiciously like you are not anything of the sort?
OP sus
edit: Being a GME veteran just means you went with the crowd and were so stupid you might just succeed
",['GME'],Negative,0.4,2021-04-23_11-28-45,https://old.reddit.com/r/wallstreetbets/comments/mv9zii/300k_mvis_yolo_from_a_gme_veteran
"Real GME vet would have put the $ in GME..
",['GME'],Positive,0.6,2021-04-23_11-28-45,https://old.reddit.com/r/wallstreetbets/comments/mv9zii/300k_mvis_yolo_from_a_gme_veteran
"That was a typo.  By GME veteran, he meant paper-handed bitch.
",['GME'],Negative,0.2,2021-04-23_11-28-45,https://old.reddit.com/r/wallstreetbets/comments/mv9zii/300k_mvis_yolo_from_a_gme_veteran
"Yes, MVIS financials are bullshit. But youâ€˜re betting on a Buyout and their RnD. Think less tech, more Biotech - money into research.
",['MVIS'],Negative,0.35,2021-04-23_11-28-45,https://old.reddit.com/r/wallstreetbets/comments/mv9zii/300k_mvis_yolo_from_a_gme_veteran
"Haha fucking GME veteran my asshole. 
YAWWWWWWWWWNNNNNNNNNNN. Classic WSB tho
",['GME'],Negative,0.2,2021-04-23_11-28-45,https://old.reddit.com/r/wallstreetbets/comments/mv9zii/300k_mvis_yolo_from_a_gme_veteran
"Lmfao, Don't trust any of these fuckers. 
GME ruined this sub. It's all a joke now.
",['GME'],Negative,0.2,2021-04-23_11-28-45,https://old.reddit.com/r/wallstreetbets/comments/mv9zii/300k_mvis_yolo_from_a_gme_veteran
"The amount of YOLOs convinced me this is a good investment.
Take my money MVIS bitch.
",['MVIS'],Positive,0.8,2021-04-23_11-28-45,https://old.reddit.com/r/wallstreetbets/comments/mv9zii/300k_mvis_yolo_from_a_gme_veteran
"Welcome to the MVIS Mafia
",['MVIS'],Positive,0.9,2021-04-23_11-28-45,https://old.reddit.com/r/wallstreetbets/comments/mv9zii/300k_mvis_yolo_from_a_gme_veteran
"Holy fuck, I gotta all in MVIS now
",['MVIS'],Positive,0.9,2021-04-23_11-28-45,https://old.reddit.com/r/wallstreetbets/comments/mv9zii/300k_mvis_yolo_from_a_gme_veteran
"Made a great profit and moved on - hallmark of a smart investor!  Way to go!  Iâ€™m still in just because I wanna see where it all goes.  If MVIS drops below $10 Iâ€™ll throw something at it for sure
",['MVIS'],Positive,0.85,2021-04-23_11-28-45,https://old.reddit.com/r/wallstreetbets/comments/mv9zii/300k_mvis_yolo_from_a_gme_veteran
"More big moves to comes..Am on MVIS as well so let's seat tight...
",['MVIS'],Positive,0.8,2021-04-23_11-28-45,https://old.reddit.com/r/wallstreetbets/comments/mv9zii/300k_mvis_yolo_from_a_gme_veteran
"GME vetran?
Congrats on trading stocks for 3 fucking months. How have you survived the stress for so long?
See you after earnings.
",['GME'],Negative,0.3,2021-04-23_11-28-45,https://old.reddit.com/r/wallstreetbets/comments/mv9zii/300k_mvis_yolo_from_a_gme_veteran
"GME Veteran lol
The fuck does that even mean?  You bought and sold GME?  Congrats?
",['GME'],Negative,0.3,2021-04-23_11-28-45,https://old.reddit.com/r/wallstreetbets/comments/mv9zii/300k_mvis_yolo_from_a_gme_veteran
"Buy GME stocks you retard!
",['GME'],Positive,0.8,2021-04-23_12-12-05,https://old.reddit.com/r/wallstreetbets/comments/mwcv6d/5k_93_loss_porn_margin_call/
"Lmao his sacrifice is aiding in GME to the moon.
Sweet, Sweet, Loss Porn
",['GME'],Positive,0.55,2021-04-23_12-12-05,https://old.reddit.com/r/wallstreetbets/comments/mwcv6d/5k_93_loss_porn_margin_call/
"Buying GME options have been too expensive.  Implied Volatility has dropped quite a bit. It's getting close to the average levels in January.  It would be a less dumb trade.
",['GME'],Positive,0.6,2021-04-23_12-12-05,https://old.reddit.com/r/wallstreetbets/comments/mwcv6d/5k_93_loss_porn_margin_call/
"Why buy calls and not shares? GME has been extremely volatile this past year
",['GME'],Positive,0.8,2021-04-23_12-20-04,https://old.reddit.com/r/wallstreetbets/comments/mw9o20/see_im_smart_i_picked_contracts_1_week_after_dfvs/
"Damn. 
Real question: why not just sell put spreads, if youâ€™re betting on GME going up? Canâ€™t make as much but also canâ€™t lose this much.
",['GME'],Positive,0.55,2021-04-23_12-20-04,https://old.reddit.com/r/wallstreetbets/comments/mw9o20/see_im_smart_i_picked_contracts_1_week_after_dfvs/
"Because most apes think GME will moon to 500 million per share or some fucking stupid shit like that
",['GME'],Negative,0.2,2021-04-23_12-20-04,https://old.reddit.com/r/wallstreetbets/comments/mw9o20/see_im_smart_i_picked_contracts_1_week_after_dfvs/
"I'm not expecting GME to make any major moves until the 6/9 shareholder meeting.  I keep my expectations low.
",['GME'],Negative,0.35,2021-04-23_12-20-04,https://old.reddit.com/r/wallstreetbets/comments/mw9o20/see_im_smart_i_picked_contracts_1_week_after_dfvs/
"you are so fkn delusional if GME goes anywhere near 100k forget 10M. This has to be a troll
",['GME'],Negative,0.2,2021-04-23_12-20-04,https://old.reddit.com/r/wallstreetbets/comments/mw9o20/see_im_smart_i_picked_contracts_1_week_after_dfvs/
"Imagine spending $6000 per contract and ""holding"".
Yeah, GME will definitely skyrocket tomorrow to $210 hahaha
",['GME'],Negative,0.35,2021-04-23_12-20-04,https://old.reddit.com/r/wallstreetbets/comments/mw9o20/see_im_smart_i_picked_contracts_1_week_after_dfvs/
"Just pay the theta and roll the contracts over to another strike date?
If you're sure GME is going to the moon, just delay it until it does.
Considering your gains, your rollover cost will be nothing.
",['GME'],Positive,0.65,2021-04-23_12-20-04,https://old.reddit.com/r/wallstreetbets/comments/mw9o20/see_im_smart_i_picked_contracts_1_week_after_dfvs/
"I always regretted not getting into GME back in 2020 when it was $15. I might take a position this time when it gets back to that range.
",['GME'],Negative,0.45,2021-04-23_12-20-04,https://old.reddit.com/r/wallstreetbets/comments/mw9o20/see_im_smart_i_picked_contracts_1_week_after_dfvs/
